{"test1": {"Acc@1": 0.704, "Acc@2": 0.813, "Acc@3": 0.851, "Acc@4": 0.873, "Acc@5": 0.889, "Acc@6": 0.896, "Acc@7": 0.906, "Acc@8": 0.913, "Acc@9": 0.915, "Acc@10": 0.918}, "test2": {"Acc@1": 0.577, "Acc@2": 0.687, "Acc@3": 0.741, "Acc@4": 0.771, "Acc@5": 0.797, "Acc@6": 0.817333, "Acc@7": 0.828333, "Acc@8": 0.841, "Acc@9": 0.852333, "Acc@10": 0.860667}}