{"test1": {"Acc@1": 0.705, "Acc@2": 0.809, "Acc@3": 0.847, "Acc@4": 0.873, "Acc@5": 0.894, "Acc@6": 0.901, "Acc@7": 0.913, "Acc@8": 0.914, "Acc@9": 0.919, "Acc@10": 0.922}, "test2": {"Acc@1": 0.579, "Acc@2": 0.695667, "Acc@3": 0.749, "Acc@4": 0.777, "Acc@5": 0.800667, "Acc@6": 0.815333, "Acc@7": 0.826667, "Acc@8": 0.839333, "Acc@9": 0.847333, "Acc@10": 0.857667}}