{"test1": {"Acc@1": 0.702, "Acc@2": 0.814, "Acc@3": 0.858, "Acc@4": 0.878, "Acc@5": 0.891, "Acc@6": 0.899, "Acc@7": 0.906, "Acc@8": 0.914, "Acc@9": 0.92, "Acc@10": 0.924}, "test2": {"Acc@1": 0.584333, "Acc@2": 0.698667, "Acc@3": 0.746, "Acc@4": 0.780333, "Acc@5": 0.805, "Acc@6": 0.826333, "Acc@7": 0.838333, "Acc@8": 0.850667, "Acc@9": 0.859, "Acc@10": 0.864667}}