{"test1": {"Acc@1": 0.669, "Acc@2": 0.759, "Acc@3": 0.802, "Acc@4": 0.826, "Acc@5": 0.84, "Acc@6": 0.857, "Acc@7": 0.871, "Acc@8": 0.881, "Acc@9": 0.887, "Acc@10": 0.895}, "test2": {"Acc@1": 0.514333, "Acc@2": 0.639333, "Acc@3": 0.698, "Acc@4": 0.737333, "Acc@5": 0.759667, "Acc@6": 0.782, "Acc@7": 0.798667, "Acc@8": 0.808667, "Acc@9": 0.818333, "Acc@10": 0.826}}