{"test1": {"Acc@1": 0.612, "Acc@2": 0.725, "Acc@3": 0.767, "Acc@4": 0.804, "Acc@5": 0.825, "Acc@6": 0.838, "Acc@7": 0.847, "Acc@8": 0.857, "Acc@9": 0.866, "Acc@10": 0.871}, "test2": {"Acc@1": 0.5, "Acc@2": 0.622333, "Acc@3": 0.677, "Acc@4": 0.714, "Acc@5": 0.738667, "Acc@6": 0.757, "Acc@7": 0.769333, "Acc@8": 0.782, "Acc@9": 0.793, "Acc@10": 0.800667}}