{"test1": {"Acc@1": 0.712, "Acc@2": 0.807, "Acc@3": 0.847, "Acc@4": 0.87, "Acc@5": 0.882, "Acc@6": 0.894, "Acc@7": 0.902, "Acc@8": 0.909, "Acc@9": 0.915, "Acc@10": 0.917}, "test2": {"Acc@1": 0.577667, "Acc@2": 0.689667, "Acc@3": 0.748, "Acc@4": 0.787333, "Acc@5": 0.808, "Acc@6": 0.822667, "Acc@7": 0.834, "Acc@8": 0.845, "Acc@9": 0.854, "Acc@10": 0.862333}}