{"test1": {"Acc@1": 0.682, "Acc@2": 0.784, "Acc@3": 0.829, "Acc@4": 0.842, "Acc@5": 0.852, "Acc@6": 0.866, "Acc@7": 0.873, "Acc@8": 0.881, "Acc@9": 0.888, "Acc@10": 0.894}, "test2": {"Acc@1": 0.553667, "Acc@2": 0.664667, "Acc@3": 0.716667, "Acc@4": 0.748, "Acc@5": 0.768333, "Acc@6": 0.786, "Acc@7": 0.801, "Acc@8": 0.810667, "Acc@9": 0.821333, "Acc@10": 0.832333}}