{"test1": {"Acc@1": 0.668, "Acc@2": 0.788, "Acc@3": 0.818, "Acc@4": 0.843, "Acc@5": 0.86, "Acc@6": 0.87, "Acc@7": 0.878, "Acc@8": 0.885, "Acc@9": 0.888, "Acc@10": 0.896}, "test2": {"Acc@1": 0.552333, "Acc@2": 0.657333, "Acc@3": 0.709667, "Acc@4": 0.746, "Acc@5": 0.769, "Acc@6": 0.788667, "Acc@7": 0.8, "Acc@8": 0.809667, "Acc@9": 0.818333, "Acc@10": 0.827}}