{"test1": {"Acc@1": 0.709, "Acc@2": 0.803, "Acc@3": 0.849, "Acc@4": 0.87, "Acc@5": 0.884, "Acc@6": 0.895, "Acc@7": 0.906, "Acc@8": 0.915, "Acc@9": 0.916, "Acc@10": 0.921}, "test2": {"Acc@1": 0.577667, "Acc@2": 0.696667, "Acc@3": 0.740333, "Acc@4": 0.774333, "Acc@5": 0.8, "Acc@6": 0.819667, "Acc@7": 0.834, "Acc@8": 0.846, "Acc@9": 0.853333, "Acc@10": 0.861333}}