{"test1": {"Acc@1": 0.702, "Acc@2": 0.81, "Acc@3": 0.851, "Acc@4": 0.869, "Acc@5": 0.881, "Acc@6": 0.893, "Acc@7": 0.899, "Acc@8": 0.905, "Acc@9": 0.913, "Acc@10": 0.918}, "test2": {"Acc@1": 0.572, "Acc@2": 0.688333, "Acc@3": 0.744, "Acc@4": 0.773333, "Acc@5": 0.796, "Acc@6": 0.818667, "Acc@7": 0.830667, "Acc@8": 0.844, "Acc@9": 0.853333, "Acc@10": 0.86}}