{"test1": {"Acc@1": 0.568, "Acc@2": 0.675, "Acc@3": 0.73, "Acc@4": 0.774, "Acc@5": 0.811, "Acc@6": 0.84, "Acc@7": 0.857, "Acc@8": 0.873, "Acc@9": 0.888, "Acc@10": 0.9}, "test2": {"Acc@1": 0.420333, "Acc@2": 0.549333, "Acc@3": 0.614, "Acc@4": 0.661, "Acc@5": 0.695, "Acc@6": 0.721333, "Acc@7": 0.742, "Acc@8": 0.757333, "Acc@9": 0.776667, "Acc@10": 0.788333}}