{"test1": {"Acc@1": 0.575, "Acc@2": 0.691, "Acc@3": 0.752, "Acc@4": 0.793, "Acc@5": 0.815, "Acc@6": 0.842, "Acc@7": 0.861, "Acc@8": 0.872, "Acc@9": 0.887, "Acc@10": 0.897}, "test2": {"Acc@1": 0.417667, "Acc@2": 0.547667, "Acc@3": 0.62, "Acc@4": 0.667, "Acc@5": 0.696333, "Acc@6": 0.72, "Acc@7": 0.746333, "Acc@8": 0.760667, "Acc@9": 0.773667, "Acc@10": 0.786667}}