{"test1": {"Acc@1": 0.31, "Acc@2": 0.451, "Acc@3": 0.523, "Acc@4": 0.575, "Acc@5": 0.622, "Acc@6": 0.66, "Acc@7": 0.683, "Acc@8": 0.713, "Acc@9": 0.726, "Acc@10": 0.742}, "test2": {"Acc@1": 0.176, "Acc@2": 0.275333, "Acc@3": 0.357667, "Acc@4": 0.411, "Acc@5": 0.447667, "Acc@6": 0.476333, "Acc@7": 0.509667, "Acc@8": 0.533667, "Acc@9": 0.553333, "Acc@10": 0.571}}