{"test1": {"Acc@1": 0.422, "Acc@2": 0.543, "Acc@3": 0.616, "Acc@4": 0.655, "Acc@5": 0.689, "Acc@6": 0.707, "Acc@7": 0.725, "Acc@8": 0.742, "Acc@9": 0.754, "Acc@10": 0.768}, "test2": {"Acc@1": 0.255333, "Acc@2": 0.380667, "Acc@3": 0.451667, "Acc@4": 0.501333, "Acc@5": 0.540667, "Acc@6": 0.569333, "Acc@7": 0.591333, "Acc@8": 0.613, "Acc@9": 0.633, "Acc@10": 0.648667}}