{"test1": {"Acc@1": 0.067, "Acc@2": 0.108, "Acc@3": 0.152, "Acc@4": 0.181, "Acc@5": 0.209, "Acc@6": 0.239, "Acc@7": 0.26, "Acc@8": 0.282, "Acc@9": 0.309, "Acc@10": 0.321}, "test2": {"Acc@1": 0.031667, "Acc@2": 0.056, "Acc@3": 0.079, "Acc@4": 0.094667, "Acc@5": 0.108667, "Acc@6": 0.121333, "Acc@7": 0.136667, "Acc@8": 0.147, "Acc@9": 0.157667, "Acc@10": 0.168}}