{"test1": {"Acc@1": 0.185, "Acc@2": 0.248, "Acc@3": 0.285, "Acc@4": 0.331, "Acc@5": 0.359, "Acc@6": 0.384, "Acc@7": 0.401, "Acc@8": 0.425, "Acc@9": 0.436, "Acc@10": 0.447}, "test2": {"Acc@1": 0.091667, "Acc@2": 0.138333, "Acc@3": 0.171, "Acc@4": 0.198333, "Acc@5": 0.220333, "Acc@6": 0.242667, "Acc@7": 0.257667, "Acc@8": 0.272, "Acc@9": 0.285333, "Acc@10": 0.296}}