{"test1": {"Acc@1": 0.385, "Acc@2": 0.496, "Acc@3": 0.561, "Acc@4": 0.611, "Acc@5": 0.644, "Acc@6": 0.686, "Acc@7": 0.71, "Acc@8": 0.73, "Acc@9": 0.749, "Acc@10": 0.766}, "test2": {"Acc@1": 0.271333, "Acc@2": 0.361667, "Acc@3": 0.411667, "Acc@4": 0.45, "Acc@5": 0.485, "Acc@6": 0.513333, "Acc@7": 0.539, "Acc@8": 0.557667, "Acc@9": 0.574667, "Acc@10": 0.589667}}
