{"test1": {"Acc@1": 0.368, "Acc@2": 0.466, "Acc@3": 0.528, "Acc@4": 0.571, "Acc@5": 0.607, "Acc@6": 0.639, "Acc@7": 0.655, "Acc@8": 0.671, "Acc@9": 0.689, "Acc@10": 0.707}, "test2": {"Acc@1": 0.26, "Acc@2": 0.342667, "Acc@3": 0.388, "Acc@4": 0.425, "Acc@5": 0.455667, "Acc@6": 0.479333, "Acc@7": 0.502, "Acc@8": 0.516, "Acc@9": 0.534333, "Acc@10": 0.549667}}