{"test1":{"Acc@1":0.446,"Acc@2":0.561,"Acc@3":0.616,"Acc@4":0.653,"Acc@5":0.683,"Acc@6":0.715,"Acc@7":0.738,"Acc@8":0.752,"Acc@9":0.761,"Acc@10":0.773},"test2":{"Acc@1":0.315,"Acc@2":0.412667,"Acc@3":0.466667,"Acc@4":0.499333,"Acc@5":0.531,"Acc@6":0.557,"Acc@7":0.575333,"Acc@8":0.593,"Acc@9":0.607333,"Acc@10":0.618333}}
