{"test1": {"Acc@1": 0.041, "Acc@2": 0.067, "Acc@3": 0.089, "Acc@4": 0.118, "Acc@5": 0.132, "Acc@6": 0.138, "Acc@7": 0.146, "Acc@8": 0.156, "Acc@9": 0.176, "Acc@10": 0.194}, "test2": {"Acc@1": 0.008333, "Acc@2": 0.016667, "Acc@3": 0.026667, "Acc@4": 0.034333, "Acc@5": 0.041333, "Acc@6": 0.051667, "Acc@7": 0.062333, "Acc@8": 0.069333, "Acc@9": 0.075667, "Acc@10": 0.083667}}