{"test1": {"Acc@1": 0.553, "Acc@2": 0.665, "Acc@3": 0.713, "Acc@4": 0.743, "Acc@5": 0.762, "Acc@6": 0.78, "Acc@7": 0.795, "Acc@8": 0.817, "Acc@9": 0.826, "Acc@10": 0.836}, "test2": {"Acc@1": 0.466, "Acc@2": 0.563667, "Acc@3": 0.608667, "Acc@4": 0.642333, "Acc@5": 0.666, "Acc@6": 0.681333, "Acc@7": 0.698667, "Acc@8": 0.711667, "Acc@9": 0.723667, "Acc@10": 0.733667}}