{"test1": {"Acc@1": 0.321, "Acc@2": 0.406, "Acc@3": 0.452, "Acc@4": 0.49, "Acc@5": 0.517, "Acc@6": 0.538, "Acc@7": 0.564, "Acc@8": 0.581, "Acc@9": 0.604, "Acc@10": 0.613}, "test2": {"Acc@1": 0.237333, "Acc@2": 0.309, "Acc@3": 0.354667, "Acc@4": 0.386667, "Acc@5": 0.407333, "Acc@6": 0.429, "Acc@7": 0.444333, "Acc@8": 0.458667, "Acc@9": 0.475667, "Acc@10": 0.489333}}