{"test1": {"Acc@1": 0.713, "Acc@2": 0.817, "Acc@3": 0.858, "Acc@4": 0.882, "Acc@5": 0.89, "Acc@6": 0.899, "Acc@7": 0.911, "Acc@8": 0.919, "Acc@9": 0.92, "Acc@10": 0.925}, "test2": {"Acc@1": 0.585, "Acc@2": 0.695333, "Acc@3": 0.75, "Acc@4": 0.787333, "Acc@5": 0.806, "Acc@6": 0.826667, "Acc@7": 0.839, "Acc@8": 0.847667, "Acc@9": 0.858333, "Acc@10": 0.863667}}
