{"test1": {"Acc@1": 0.646, "Acc@2": 0.758, "Acc@3": 0.812, "Acc@4": 0.848, "Acc@5": 0.864, "Acc@6": 0.88, "Acc@7": 0.893, "Acc@8": 0.906, "Acc@9": 0.918, "Acc@10": 0.922}, "test2": {"Acc@1": 0.504, "Acc@2": 0.636667, "Acc@3": 0.691333, "Acc@4": 0.736333, "Acc@5": 0.770333, "Acc@6": 0.794667, "Acc@7": 0.814667, "Acc@8": 0.826333, "Acc@9": 0.836667, "Acc@10": 0.844667}}