{"test1": {"Acc@1": 0.576, "Acc@2": 0.683, "Acc@3": 0.721, "Acc@4": 0.752, "Acc@5": 0.78, "Acc@6": 0.8, "Acc@7": 0.814, "Acc@8": 0.824, "Acc@9": 0.833, "Acc@10": 0.841}, "test2": {"Acc@1": 0.473, "Acc@2": 0.574, "Acc@3": 0.627667, "Acc@4": 0.659, "Acc@5": 0.683667, "Acc@6": 0.704, "Acc@7": 0.722667, "Acc@8": 0.736333, "Acc@9": 0.748667, "Acc@10": 0.756333}}