{"test1": {"Acc@1": 0.414, "Acc@2": 0.483, "Acc@3": 0.529, "Acc@4": 0.557, "Acc@5": 0.598, "Acc@6": 0.624, "Acc@7": 0.636, "Acc@8": 0.655, "Acc@9": 0.671, "Acc@10": 0.683}, "test2": {"Acc@1": 0.292667, "Acc@2": 0.360333, "Acc@3": 0.399333, "Acc@4": 0.427, "Acc@5": 0.45, "Acc@6": 0.466, "Acc@7": 0.480333, "Acc@8": 0.494, "Acc@9": 0.509333, "Acc@10": 0.519}}