{"test1": {"Acc@1": 0.256, "Acc@2": 0.303, "Acc@3": 0.333, "Acc@4": 0.351, "Acc@5": 0.372, "Acc@6": 0.391, "Acc@7": 0.404, "Acc@8": 0.414, "Acc@9": 0.422, "Acc@10": 0.433}, "test2": {"Acc@1": 0.197333, "Acc@2": 0.234333, "Acc@3": 0.256, "Acc@4": 0.273333, "Acc@5": 0.285667, "Acc@6": 0.299, "Acc@7": 0.306667, "Acc@8": 0.316, "Acc@9": 0.323667, "Acc@10": 0.331667}}