{"test1": {"Acc@1": 0.033, "Acc@2": 0.053, "Acc@3": 0.067, "Acc@4": 0.08, "Acc@5": 0.096, "Acc@6": 0.11, "Acc@7": 0.12, "Acc@8": 0.13, "Acc@9": 0.142, "Acc@10": 0.15}, "test2": {"Acc@1": 0.015, "Acc@2": 0.026, "Acc@3": 0.034, "Acc@4": 0.039, "Acc@5": 0.047667, "Acc@6": 0.052333, "Acc@7": 0.060667, "Acc@8": 0.065333, "Acc@9": 0.07, "Acc@10": 0.076}}
