{"test1": {"Acc@1": 0.038, "Acc@2": 0.06, "Acc@3": 0.079, "Acc@4": 0.096, "Acc@5": 0.107, "Acc@6": 0.121, "Acc@7": 0.124, "Acc@8": 0.134, "Acc@9": 0.144, "Acc@10": 0.155}, "test2": {"Acc@1": 0.02, "Acc@2": 0.034, "Acc@3": 0.043, "Acc@4": 0.05, "Acc@5": 0.055333, "Acc@6": 0.061333, "Acc@7": 0.066, "Acc@8": 0.070667, "Acc@9": 0.074, "Acc@10": 0.077667}}