{"test1": {"Acc@1": 0.616, "Acc@2": 0.699, "Acc@3": 0.735, "Acc@4": 0.763, "Acc@5": 0.789, "Acc@6": 0.801, "Acc@7": 0.817, "Acc@8": 0.831, "Acc@9": 0.84, "Acc@10": 0.847}, "test2": {"Acc@1": 0.499, "Acc@2": 0.573333, "Acc@3": 0.617, "Acc@4": 0.644667, "Acc@5": 0.665667, "Acc@6": 0.683, "Acc@7": 0.702, "Acc@8": 0.714667, "Acc@9": 0.727, "Acc@10": 0.738}}