{"test1": {"Acc@1": 0.002, "Acc@2": 0.002, "Acc@3": 0.004, "Acc@4": 0.005, "Acc@5": 0.005, "Acc@6": 0.006, "Acc@7": 0.007, "Acc@8": 0.011, "Acc@9": 0.012, "Acc@10": 0.013}, "test2": {"Acc@1": 0.000333, "Acc@2": 0.001, "Acc@3": 0.001, "Acc@4": 0.001333, "Acc@5": 0.001667, "Acc@6": 0.002667, "Acc@7": 0.004, "Acc@8": 0.004, "Acc@9": 0.004, "Acc@10": 0.004}}