{"test1": {"Acc@1": 0.72, "Acc@2": 0.808, "Acc@3": 0.851, "Acc@4": 0.873, "Acc@5": 0.892, "Acc@6": 0.908, "Acc@7": 0.917, "Acc@8": 0.925, "Acc@9": 0.929, "Acc@10": 0.937}, "test2": {"Acc@1": 0.613, "Acc@2": 0.719, "Acc@3": 0.763667, "Acc@4": 0.792, "Acc@5": 0.814333, "Acc@6": 0.829667, "Acc@7": 0.840667, "Acc@8": 0.849, "Acc@9": 0.857333, "Acc@10": 0.866333}}