{"test1": {"Acc@1": 0.7, "Acc@2": 0.796, "Acc@3": 0.84, "Acc@4": 0.87, "Acc@5": 0.883, "Acc@6": 0.902, "Acc@7": 0.91, "Acc@8": 0.922, "Acc@9": 0.93, "Acc@10": 0.936}, "test2": {"Acc@1": 0.588333, "Acc@2": 0.694333, "Acc@3": 0.741, "Acc@4": 0.774667, "Acc@5": 0.8, "Acc@6": 0.817333, "Acc@7": 0.829, "Acc@8": 0.836667, "Acc@9": 0.844333, "Acc@10": 0.851}}