{"test1": {"Acc@1": 0.708, "Acc@2": 0.794, "Acc@3": 0.839, "Acc@4": 0.861, "Acc@5": 0.883, "Acc@6": 0.901, "Acc@7": 0.91, "Acc@8": 0.92, "Acc@9": 0.926, "Acc@10": 0.931}, "test2": {"Acc@1": 0.601, "Acc@2": 0.701, "Acc@3": 0.749333, "Acc@4": 0.781667, "Acc@5": 0.803333, "Acc@6": 0.820333, "Acc@7": 0.833667, "Acc@8": 0.841, "Acc@9": 0.851, "Acc@10": 0.859}}