{"test1": {"Acc@1": 0.699, "Acc@2": 0.796, "Acc@3": 0.841, "Acc@4": 0.858, "Acc@5": 0.881, "Acc@6": 0.893, "Acc@7": 0.906, "Acc@8": 0.922, "Acc@9": 0.926, "Acc@10": 0.934}, "test2": {"Acc@1": 0.597333, "Acc@2": 0.700333, "Acc@3": 0.749667, "Acc@4": 0.780333, "Acc@5": 0.802333, "Acc@6": 0.818333, "Acc@7": 0.833667, "Acc@8": 0.848333, "Acc@9": 0.856333, "Acc@10": 0.863}}