{"test1": {"Acc@1": 0.624, "Acc@2": 0.741, "Acc@3": 0.796, "Acc@4": 0.832, "Acc@5": 0.855, "Acc@6": 0.863, "Acc@7": 0.874, "Acc@8": 0.884, "Acc@9": 0.893, "Acc@10": 0.905}, "test2": {"Acc@1": 0.497333, "Acc@2": 0.616667, "Acc@3": 0.684, "Acc@4": 0.726, "Acc@5": 0.750667, "Acc@6": 0.769333, "Acc@7": 0.786667, "Acc@8": 0.800667, "Acc@9": 0.811333, "Acc@10": 0.826}}