{"test1": {"Acc@1": 0.616, "Acc@2": 0.721, "Acc@3": 0.759, "Acc@4": 0.791, "Acc@5": 0.812, "Acc@6": 0.831, "Acc@7": 0.849, "Acc@8": 0.86, "Acc@9": 0.873, "Acc@10": 0.88}, "test2": {"Acc@1": 0.502667, "Acc@2": 0.612333, "Acc@3": 0.673, "Acc@4": 0.708667, "Acc@5": 0.732, "Acc@6": 0.752333, "Acc@7": 0.766, "Acc@8": 0.778, "Acc@9": 0.787333, "Acc@10": 0.798333}}