{"test1": {"Acc@1": 0.704, "Acc@2": 0.799, "Acc@3": 0.842, "Acc@4": 0.863, "Acc@5": 0.883, "Acc@6": 0.896, "Acc@7": 0.905, "Acc@8": 0.912, "Acc@9": 0.923, "Acc@10": 0.932}, "test2": {"Acc@1": 0.597333, "Acc@2": 0.706333, "Acc@3": 0.748333, "Acc@4": 0.776333, "Acc@5": 0.804, "Acc@6": 0.820333, "Acc@7": 0.833333, "Acc@8": 0.844667, "Acc@9": 0.854, "Acc@10": 0.860333}}