{"test1": {"Acc@1": 0.665, "Acc@2": 0.751, "Acc@3": 0.791, "Acc@4": 0.813, "Acc@5": 0.832, "Acc@6": 0.84, "Acc@7": 0.859, "Acc@8": 0.863, "Acc@9": 0.874, "Acc@10": 0.882}, "test2": {"Acc@1": 0.562667, "Acc@2": 0.655, "Acc@3": 0.705667, "Acc@4": 0.740667, "Acc@5": 0.766, "Acc@6": 0.779, "Acc@7": 0.792667, "Acc@8": 0.808333, "Acc@9": 0.818333, "Acc@10": 0.827}}