{"test1": {"Acc@1": 0.675, "Acc@2": 0.754, "Acc@3": 0.804, "Acc@4": 0.831, "Acc@5": 0.848, "Acc@6": 0.862, "Acc@7": 0.877, "Acc@8": 0.889, "Acc@9": 0.893, "Acc@10": 0.903}, "test2": {"Acc@1": 0.571, "Acc@2": 0.665, "Acc@3": 0.717333, "Acc@4": 0.752, "Acc@5": 0.771333, "Acc@6": 0.787, "Acc@7": 0.802333, "Acc@8": 0.814333, "Acc@9": 0.821667, "Acc@10": 0.834}}