{"test1": {"Acc@1": 0.701, "Acc@2": 0.788, "Acc@3": 0.835, "Acc@4": 0.861, "Acc@5": 0.885, "Acc@6": 0.892, "Acc@7": 0.9, "Acc@8": 0.919, "Acc@9": 0.924, "Acc@10": 0.927}, "test2": {"Acc@1": 0.599, "Acc@2": 0.698333, "Acc@3": 0.747, "Acc@4": 0.780333, "Acc@5": 0.802333, "Acc@6": 0.817, "Acc@7": 0.830333, "Acc@8": 0.844, "Acc@9": 0.854, "Acc@10": 0.859}}