{"test1": {"Acc@1": 0.698, "Acc@2": 0.795, "Acc@3": 0.838, "Acc@4": 0.857, "Acc@5": 0.879, "Acc@6": 0.892, "Acc@7": 0.903, "Acc@8": 0.916, "Acc@9": 0.928, "Acc@10": 0.937}, "test2": {"Acc@1": 0.595333, "Acc@2": 0.701, "Acc@3": 0.752333, "Acc@4": 0.783, "Acc@5": 0.805, "Acc@6": 0.82, "Acc@7": 0.835667, "Acc@8": 0.847, "Acc@9": 0.856667, "Acc@10": 0.862333}}