{"test1": {"Acc@1": 0.513, "Acc@2": 0.638, "Acc@3": 0.703, "Acc@4": 0.738, "Acc@5": 0.765, "Acc@6": 0.788, "Acc@7": 0.807, "Acc@8": 0.819, "Acc@9": 0.831, "Acc@10": 0.847}, "test2": {"Acc@1": 0.384, "Acc@2": 0.484333, "Acc@3": 0.541333, "Acc@4": 0.585333, "Acc@5": 0.621333, "Acc@6": 0.644667, "Acc@7": 0.664667, "Acc@8": 0.684667, "Acc@9": 0.702667, "Acc@10": 0.718667}}