{"test1": {"Acc@1": 0.519, "Acc@2": 0.647, "Acc@3": 0.719, "Acc@4": 0.752, "Acc@5": 0.782, "Acc@6": 0.797, "Acc@7": 0.819, "Acc@8": 0.839, "Acc@9": 0.845, "Acc@10": 0.853}, "test2": {"Acc@1": 0.388, "Acc@2": 0.491333, "Acc@3": 0.546, "Acc@4": 0.591, "Acc@5": 0.629333, "Acc@6": 0.654667, "Acc@7": 0.679667, "Acc@8": 0.696333, "Acc@9": 0.717667, "Acc@10": 0.728}}