{"test1": {"Acc@1": 0.379, "Acc@2": 0.525, "Acc@3": 0.606, "Acc@4": 0.65, "Acc@5": 0.682, "Acc@6": 0.706, "Acc@7": 0.72, "Acc@8": 0.737, "Acc@9": 0.75, "Acc@10": 0.764}, "test2": {"Acc@1": 0.267, "Acc@2": 0.380667, "Acc@3": 0.449, "Acc@4": 0.493667, "Acc@5": 0.530667, "Acc@6": 0.552667, "Acc@7": 0.576667, "Acc@8": 0.597333, "Acc@9": 0.613333, "Acc@10": 0.627}}