{"test1": {"Acc@1": 0.327, "Acc@2": 0.468, "Acc@3": 0.549, "Acc@4": 0.613, "Acc@5": 0.644, "Acc@6": 0.684, "Acc@7": 0.72, "Acc@8": 0.742, "Acc@9": 0.757, "Acc@10": 0.776}, "test2": {"Acc@1": 0.201333, "Acc@2": 0.308667, "Acc@3": 0.377333, "Acc@4": 0.429667, "Acc@5": 0.477667, "Acc@6": 0.512667, "Acc@7": 0.543, "Acc@8": 0.571, "Acc@9": 0.592333, "Acc@10": 0.614333}}