{"test1": {"Acc@1": 0.057, "Acc@2": 0.097, "Acc@3": 0.13, "Acc@4": 0.154, "Acc@5": 0.169, "Acc@6": 0.193, "Acc@7": 0.208, "Acc@8": 0.223, "Acc@9": 0.237, "Acc@10": 0.252}, "test2": {"Acc@1": 0.024, "Acc@2": 0.04, "Acc@3": 0.055667, "Acc@4": 0.070333, "Acc@5": 0.084, "Acc@6": 0.096667, "Acc@7": 0.106333, "Acc@8": 0.117, "Acc@9": 0.125333, "Acc@10": 0.132667}}