{"test1": {"Acc@1": 0.2, "Acc@2": 0.249, "Acc@3": 0.293, "Acc@4": 0.331, "Acc@5": 0.358, "Acc@6": 0.386, "Acc@7": 0.403, "Acc@8": 0.426, "Acc@9": 0.444, "Acc@10": 0.454}, "test2": {"Acc@1": 0.142333, "Acc@2": 0.193333, "Acc@3": 0.223333, "Acc@4": 0.243, "Acc@5": 0.263333, "Acc@6": 0.279667, "Acc@7": 0.294, "Acc@8": 0.308667, "Acc@9": 0.317, "Acc@10": 0.327}}