{"test1": {"Acc@1": 0.557, "Acc@2": 0.688, "Acc@3": 0.76, "Acc@4": 0.795, "Acc@5": 0.823, "Acc@6": 0.841, "Acc@7": 0.85, "Acc@8": 0.865, "Acc@9": 0.873, "Acc@10": 0.892}, "test2": {"Acc@1": 0.435667, "Acc@2": 0.572667, "Acc@3": 0.643667, "Acc@4": 0.688, "Acc@5": 0.721, "Acc@6": 0.741333, "Acc@7": 0.758, "Acc@8": 0.773667, "Acc@9": 0.789333, "Acc@10": 0.804}}