{"test1": {"Acc@1": 0.002, "Acc@2": 0.004, "Acc@3": 0.005, "Acc@4": 0.006, "Acc@5": 0.01, "Acc@6": 0.011, "Acc@7": 0.011, "Acc@8": 0.013, "Acc@9": 0.013, "Acc@10": 0.016}, "test2": {"Acc@1": 0.000333, "Acc@2": 0.001, "Acc@3": 0.002, "Acc@4": 0.002333, "Acc@5": 0.002333, "Acc@6": 0.002667, "Acc@7": 0.003, "Acc@8": 0.003333, "Acc@9": 0.003333, "Acc@10": 0.004333}}