{"test1": {"Acc@1": 0.001, "Acc@2": 0.002, "Acc@3": 0.003, "Acc@4": 0.004, "Acc@5": 0.005, "Acc@6": 0.006, "Acc@7": 0.007, "Acc@8": 0.008, "Acc@9": 0.009, "Acc@10": 0.01}, "test2": {"Acc@1": 0.000333, "Acc@2": 0.000667, "Acc@3": 0.001, "Acc@4": 0.001333, "Acc@5": 0.001667, "Acc@6": 0.002, "Acc@7": 0.002333, "Acc@8": 0.002667, "Acc@9": 0.003, "Acc@10": 0.003667}}