{"test1": {"Acc@1": 0.715, "Acc@2": 0.799, "Acc@3": 0.842, "Acc@4": 0.867, "Acc@5": 0.886, "Acc@6": 0.906, "Acc@7": 0.916, "Acc@8": 0.921, "Acc@9": 0.925, "Acc@10": 0.931}, "test2": {"Acc@1": 0.612, "Acc@2": 0.714333, "Acc@3": 0.760333, "Acc@4": 0.791, "Acc@5": 0.809667, "Acc@6": 0.827667, "Acc@7": 0.836667, "Acc@8": 0.846667, "Acc@9": 0.856667, "Acc@10": 0.863}}