{"test1": {"Acc@1": 0.664, "Acc@2": 0.792, "Acc@3": 0.839, "Acc@4": 0.862, "Acc@5": 0.875, "Acc@6": 0.887, "Acc@7": 0.9, "Acc@8": 0.908, "Acc@9": 0.913, "Acc@10": 0.919}, "test2": {"Acc@1": 0.539667, "Acc@2": 0.658, "Acc@3": 0.719667, "Acc@4": 0.754333, "Acc@5": 0.778, "Acc@6": 0.8, "Acc@7": 0.818333, "Acc@8": 0.831667, "Acc@9": 0.842667, "Acc@10": 0.849667}}