{"test1": {"Acc@1": 0.668, "Acc@2": 0.765, "Acc@3": 0.804, "Acc@4": 0.829, "Acc@5": 0.849, "Acc@6": 0.865, "Acc@7": 0.875, "Acc@8": 0.883, "Acc@9": 0.889, "Acc@10": 0.898}, "test2": {"Acc@1": 0.541333, "Acc@2": 0.651, "Acc@3": 0.708333, "Acc@4": 0.739, "Acc@5": 0.762667, "Acc@6": 0.781333, "Acc@7": 0.792667, "Acc@8": 0.804, "Acc@9": 0.815333, "Acc@10": 0.823}}