{"test1": {"Acc@1": 0.37, "Acc@2": 0.466, "Acc@3": 0.518, "Acc@4": 0.556, "Acc@5": 0.586, "Acc@6": 0.605, "Acc@7": 0.619, "Acc@8": 0.628, "Acc@9": 0.64, "Acc@10": 0.654}, "test2": {"Acc@1": 0.274667, "Acc@2": 0.351, "Acc@3": 0.395667, "Acc@4": 0.432, "Acc@5": 0.455333, "Acc@6": 0.479667, "Acc@7": 0.502333, "Acc@8": 0.514667, "Acc@9": 0.525667, "Acc@10": 0.541}}