{"test1": {"Acc@1": 0.475, "Acc@2": 0.565, "Acc@3": 0.616, "Acc@4": 0.65, "Acc@5": 0.685, "Acc@6": 0.706, "Acc@7": 0.725, "Acc@8": 0.742, "Acc@9": 0.756, "Acc@10": 0.771}, "test2": {"Acc@1": 0.338333, "Acc@2": 0.445, "Acc@3": 0.5, "Acc@4": 0.536667, "Acc@5": 0.569, "Acc@6": 0.597, "Acc@7": 0.617, "Acc@8": 0.634333, "Acc@9": 0.643, "Acc@10": 0.651667}}