{"test1":{"Acc@1":0.447,"Acc@2":0.556,"Acc@3":0.615,"Acc@4":0.653,"Acc@5":0.683,"Acc@6":0.718,"Acc@7":0.739,"Acc@8":0.751,"Acc@9":0.761,"Acc@10":0.771},"test2":{"Acc@1":0.314667,"Acc@2":0.410667,"Acc@3":0.464333,"Acc@4":0.498667,"Acc@5":0.530333,"Acc@6":0.556,"Acc@7":0.572,"Acc@8":0.591333,"Acc@9":0.606,"Acc@10":0.618}}
