{"test1": {"Acc@1": 0.384, "Acc@2": 0.494, "Acc@3": 0.562, "Acc@4": 0.608, "Acc@5": 0.644, "Acc@6": 0.685, "Acc@7": 0.71, "Acc@8": 0.73, "Acc@9": 0.748, "Acc@10": 0.766}, "test2": {"Acc@1": 0.271333, "Acc@2": 0.359667, "Acc@3": 0.412, "Acc@4": 0.449667, "Acc@5": 0.484333, "Acc@6": 0.512667, "Acc@7": 0.538333, "Acc@8": 0.558, "Acc@9": 0.575667, "Acc@10": 0.589333}}
