{"test1": {"Acc@1": 0.369, "Acc@2": 0.47, "Acc@3": 0.532, "Acc@4": 0.571, "Acc@5": 0.607, "Acc@6": 0.639, "Acc@7": 0.658, "Acc@8": 0.675, "Acc@9": 0.694, "Acc@10": 0.707}, "test2": {"Acc@1": 0.260667, "Acc@2": 0.343667, "Acc@3": 0.392667, "Acc@4": 0.427667, "Acc@5": 0.454333, "Acc@6": 0.480667, "Acc@7": 0.505, "Acc@8": 0.519333, "Acc@9": 0.536, "Acc@10": 0.551667}}