{"test1": {"Acc@1": 0.324, "Acc@2": 0.388, "Acc@3": 0.414, "Acc@4": 0.434, "Acc@5": 0.445, "Acc@6": 0.459, "Acc@7": 0.469, "Acc@8": 0.476, "Acc@9": 0.489, "Acc@10": 0.5}, "test2": {"Acc@1": 0.271667, "Acc@2": 0.319667, "Acc@3": 0.345333, "Acc@4": 0.365333, "Acc@5": 0.380667, "Acc@6": 0.394333, "Acc@7": 0.404667, "Acc@8": 0.412333, "Acc@9": 0.421333, "Acc@10": 0.43}}