{"test1": {"Acc@1": 0.665, "Acc@2": 0.751, "Acc@3": 0.791, "Acc@4": 0.825, "Acc@5": 0.849, "Acc@6": 0.869, "Acc@7": 0.89, "Acc@8": 0.897, "Acc@9": 0.906, "Acc@10": 0.918}, "test2": {"Acc@1": 0.561, "Acc@2": 0.654667, "Acc@3": 0.707, "Acc@4": 0.739, "Acc@5": 0.761, "Acc@6": 0.777667, "Acc@7": 0.792, "Acc@8": 0.804333, "Acc@9": 0.815, "Acc@10": 0.821667}}