{"test1": {"Acc@1": 0.737, "Acc@2": 0.828, "Acc@3": 0.866, "Acc@4": 0.891, "Acc@5": 0.902, "Acc@6": 0.903, "Acc@7": 0.913, "Acc@8": 0.917, "Acc@9": 0.922, "Acc@10": 0.924}, "test2": {"Acc@1": 0.608333, "Acc@2": 0.712667, "Acc@3": 0.767333, "Acc@4": 0.798, "Acc@5": 0.822333, "Acc@6": 0.838333, "Acc@7": 0.852, "Acc@8": 0.862333, "Acc@9": 0.870667, "Acc@10": 0.879667}}